{"cameraMode":{"drawMode":0,"name":"Shaded","section":"Shading Mode"},"sceneLighting":true,"audioPlay":false,"sceneViewState":{"showFog":false,"showMaterialUpdate":false,"showSkybox":true,"showFlares":false,"showImageEffects":false,"showParticleSystems":false},"in2DMode":false,"pivot":{"x":35.39451217651367,"y":-12.837373733520508,"z":28.207012176513673},"rotation":{"x":-0.17075835168361665,"y":-0.577694296836853,"z":0.1251298040151596,"w":-0.7883365154266357},"size":37.57997512817383,"orthographic":false}