{"cameraMode":{"drawMode":0,"name":"Shaded","section":"Shading Mode"},"sceneLighting":true,"audioPlay":false,"sceneViewState":{"showFog":false,"showMaterialUpdate":false,"showSkybox":true,"showFlares":false,"showImageEffects":false,"showParticleSystems":false},"in2DMode":false,"pivot":{"x":-18.174428939819337,"y":-2.90482234954834,"z":58.424774169921878},"rotation":{"x":-0.08743555098772049,"y":0.16713815927505494,"z":-0.014882850460708142,"w":-0.9819359183311462},"size":39.42068862915039,"orthographic":false}